JPYUSD,NB,0.0,10/20,No,1/2,0.2837815450097123,38,0.00746793539499243
JPYUSD,NB,0.05,10/20,No,1/2,0.2837815450097123,38,0.00746793539499243
JPYUSD,NB,0.1,10/20,No,1/2,0.2837815450097123,38,0.00746793539499243
JPYUSD,NB,0.15,10/20,No,1/2,0.2837815450097123,38,0.00746793539499243
JPYUSD,NB,0.2,10/20,No,1/2,0.2837815450097123,38,0.00746793539499243
JPYUSD,NB,0.25,10/20,No,1/2,0.2837815450097123,38,0.00746793539499243
JPYUSD,NB,0.3,10/20,No,1/2,0.2837815450097123,38,0.00746793539499243
JPYUSD,NB,0.35,10/20,No,1/2,0.2837815450097123,38,0.00746793539499243
JPYUSD,NB,0.4,10/20,No,1/2,0.2837815450097123,38,0.00746793539499243
JPYUSD,NB,0.45,10/20,No,1/2,0.2837815450097123,38,0.00746793539499243
JPYUSD,NB,0.5,10/20,No,1/2,0.2837815450097123,38,0.00746793539499243
JPYUSD,NB,0.55,10/20,No,1/2,0.2054761587811571,26,0.007902929183890657
JPYUSD,NB,0.6,10/20,No,1/2,0.37421065923923,14,0.026729332802802146
JPYUSD,NB,0.65,10/20,No,1/2,0.15947613175410158,8,0.019934516469262697
JPYUSD,NB,0.7,10/20,No,1/2,0.2680924850425894,6,0.04468208084043157
JPYUSD,NB,0.75,10/20,No,1/2,0.2076286246266994,6,0.034604770771116566
JPYUSD,NB,0.8,10/20,No,1/2,0.20610473187506262,6,0.03435078864584377
JPYUSD,NB,0.85,10/20,No,1/2,-0.04217609905311459,5,-0.008435219810622918
JPYUSD,NB,0.9,10/20,No,1/2,-0.0547743327619461,5,-0.01095486655238922
JPYUSD,NB,0.95,10/20,No,1/2,-0.12756995722614395,5,-0.02551399144522879
JPYUSD,LB,0.0,10/20,No,1/2,0.1165738545388404,85,0.0013714571122216516
JPYUSD,LB,0.05,10/20,No,1/2,0.1165738545388404,85,0.0013714571122216516
JPYUSD,LB,0.1,10/20,No,1/2,0.1165738545388404,85,0.0013714571122216516
JPYUSD,LB,0.15,10/20,No,1/2,0.1165738545388404,85,0.0013714571122216516
JPYUSD,LB,0.2,10/20,No,1/2,0.1165738545388404,85,0.0013714571122216516
JPYUSD,LB,0.25,10/20,No,1/2,0.1165738545388404,85,0.0013714571122216516
JPYUSD,LB,0.3,10/20,No,1/2,0.1165738545388404,85,0.0013714571122216516
JPYUSD,LB,0.35,10/20,No,1/2,0.1165738545388404,85,0.0013714571122216516
JPYUSD,LB,0.4,10/20,No,1/2,0.1165738545388404,85,0.0013714571122216516
JPYUSD,LB,0.45,10/20,No,1/2,0.1165738545388404,85,0.0013714571122216516
JPYUSD,LB,0.5,10/20,No,1/2,0.1165738545388404,85,0.0013714571122216516
JPYUSD,LB,0.55,10/20,No,1/2,0.170535631175456,77,0.002214748456824104
JPYUSD,LB,0.6,10/20,No,1/2,-0.10686893312205648,69,-0.0015488251177109634
JPYUSD,LB,0.65,10/20,No,1/2,-0.09772639425382312,55,-0.0017768435318876931
JPYUSD,LB,0.7,10/20,No,1/2,0.1606160993192729,37,0.004340975657277646
JPYUSD,LB,0.75,10/20,No,1/2,0.18029324610956454,23,0.007838836787372372
JPYUSD,LB,0.8,10/20,No,1/2,0.3533420483577503,15,0.023556136557183353
JPYUSD,LB,0.85,10/20,No,1/2,0.32135287589406847,8,0.04016910948675856
JPYUSD,LB,0.9,10/20,No,1/2,0.32142174366034215,4,0.08035543591508554
JPYUSD,LB,0.95,10/20,No,1/2,-0.006519917706267364,2,-0.003259958853133682
JPYUSD,SCD,0.0,10/20,No,1/2,0.2837815450097123,38,0.00746793539499243
JPYUSD,SCD,0.05,10/20,No,1/2,0.2837815450097123,38,0.00746793539499243
JPYUSD,SCD,0.1,10/20,No,1/2,0.2837815450097123,38,0.00746793539499243
JPYUSD,SCD,0.15,10/20,No,1/2,0.2837815450097123,38,0.00746793539499243
JPYUSD,SCD,0.2,10/20,No,1/2,0.2837815450097123,38,0.00746793539499243
JPYUSD,SCD,0.25,10/20,No,1/2,0.2837815450097123,38,0.00746793539499243
JPYUSD,SCD,0.3,10/20,No,1/2,0.2837815450097123,38,0.00746793539499243
JPYUSD,SCD,0.35,10/20,No,1/2,0.2837815450097123,38,0.00746793539499243
JPYUSD,SCD,0.4,10/20,No,1/2,0.2837815450097123,38,0.00746793539499243
JPYUSD,SCD,0.45,10/20,No,1/2,0.2837815450097123,38,0.00746793539499243
JPYUSD,SCD,0.5,10/20,No,1/2,0.2837815450097123,38,0.00746793539499243
JPYUSD,SCD,0.55,10/20,No,1/2,0.2054761587811571,26,0.007902929183890657
JPYUSD,SCD,0.6,10/20,No,1/2,0.37421065923923,14,0.026729332802802146
JPYUSD,SCD,0.65,10/20,No,1/2,0.15947613175410158,8,0.019934516469262697
JPYUSD,SCD,0.7,10/20,No,1/2,0.2680924850425894,6,0.04468208084043157
JPYUSD,SCD,0.75,10/20,No,1/2,0.2076286246266994,6,0.034604770771116566
JPYUSD,SCD,0.8,10/20,No,1/2,0.20610473187506262,6,0.03435078864584377
JPYUSD,SCD,0.85,10/20,No,1/2,-0.04217609905311459,5,-0.008435219810622918
JPYUSD,SCD,0.9,10/20,No,1/2,-0.0547743327619461,5,-0.01095486655238922
JPYUSD,SCD,0.95,10/20,No,1/2,-0.12756995722614395,5,-0.02551399144522879
JPYUSD,HAT,0.0,10/20,No,1/2,0.3733457514323648,24,0.015556072976348534
JPYUSD,HAT,0.05,10/20,No,1/2,0.3733457514323648,24,0.015556072976348534
JPYUSD,HAT,0.1,10/20,No,1/2,0.3733457514323648,24,0.015556072976348534
JPYUSD,HAT,0.15,10/20,No,1/2,0.3733457514323648,24,0.015556072976348534
JPYUSD,HAT,0.2,10/20,No,1/2,0.3733457514323648,24,0.015556072976348534
JPYUSD,HAT,0.25,10/20,No,1/2,0.3733457514323648,24,0.015556072976348534
JPYUSD,HAT,0.3,10/20,No,1/2,0.3733457514323648,24,0.015556072976348534
JPYUSD,HAT,0.35,10/20,No,1/2,0.3733457514323648,24,0.015556072976348534
JPYUSD,HAT,0.4,10/20,No,1/2,0.3733457514323648,24,0.015556072976348534
JPYUSD,HAT,0.45,10/20,No,1/2,0.3733457514323648,24,0.015556072976348534
JPYUSD,HAT,0.5,10/20,No,1/2,0.3733457514323648,24,0.015556072976348534
JPYUSD,HAT,0.55,10/20,No,1/2,0.15752891369070277,13,0.012117608745438675
JPYUSD,HAT,0.6,10/20,No,1/2,0.3445746375817178,5,0.06891492751634357
JPYUSD,HAT,0.65,10/20,No,1/2,0.31735121678899425,5,0.06347024335779886
JPYUSD,HAT,0.7,10/20,No,1/2,-0.06457347005277825,3,-0.02152449001759275
JPYUSD,HAT,0.75,10/20,No,1/2,0.0,1,0.0
JPYUSD,HAT,0.8,10/20,No,1/2,0.0,1,0.0
JPYUSD,HAT,0.85,10/20,No,1/2,0.0,1,0.0
JPYUSD,HAT,0.9,10/20,No,1/2,0.0,1,0.0
JPYUSD,HAT,0.95,10/20,No,1/2,0.0,1,0.0
JPYUSD,HAT,0.0,20/50,No,1/2,0.15538065899863351,18,0.008632258833257418
JPYUSD,HAT,0.05,20/50,No,1/2,0.15538065899863351,18,0.008632258833257418
JPYUSD,HAT,0.1,20/50,No,1/2,0.15538065899863351,18,0.008632258833257418
JPYUSD,HAT,0.15,20/50,No,1/2,0.15538065899863351,18,0.008632258833257418
JPYUSD,HAT,0.2,20/50,No,1/2,0.15538065899863351,18,0.008632258833257418
JPYUSD,HAT,0.25,20/50,No,1/2,0.15538065899863351,18,0.008632258833257418
JPYUSD,HAT,0.3,20/50,No,1/2,0.15538065899863351,18,0.008632258833257418
JPYUSD,HAT,0.35,20/50,No,1/2,0.15538065899863351,18,0.008632258833257418
JPYUSD,HAT,0.4,20/50,No,1/2,0.15538065899863351,18,0.008632258833257418
JPYUSD,HAT,0.45,20/50,No,1/2,0.15538065899863351,18,0.008632258833257418
JPYUSD,HAT,0.5,20/50,No,1/2,0.19893248289498988,16,0.012433280180936868
JPYUSD,HAT,0.55,20/50,No,1/2,0.012345452715974758,9,0.0013717169684416399
JPYUSD,HAT,0.6,20/50,No,1/2,0.12235255539661338,3,0.04078418513220446
JPYUSD,HAT,0.65,20/50,No,1/2,0.1284239652329271,3,0.042807988410975696
JPYUSD,HAT,0.7,20/50,No,1/2,0.0,1,0.0
JPYUSD,HAT,0.75,20/50,No,1/2,0.0,1,0.0
JPYUSD,HAT,0.8,20/50,No,1/2,0.0,1,0.0
JPYUSD,HAT,0.85,20/50,No,1/2,0.0,1,0.0
JPYUSD,HAT,0.9,20/50,No,1/2,0.0,1,0.0
JPYUSD,HAT,0.95,20/50,No,1/2,0.0,1,0.0
JPYUSD,HAT,0.0,20/200,No,1/2,0.1310289904470423,13,0.010079153111310947
JPYUSD,HAT,0.05,20/200,No,1/2,0.1310289904470423,13,0.010079153111310947
JPYUSD,HAT,0.1,20/200,No,1/2,0.1310289904470423,13,0.010079153111310947
JPYUSD,HAT,0.15,20/200,No,1/2,0.1310289904470423,13,0.010079153111310947
JPYUSD,HAT,0.2,20/200,No,1/2,0.1310289904470423,13,0.010079153111310947
JPYUSD,HAT,0.25,20/200,No,1/2,0.1310289904470423,13,0.010079153111310947
JPYUSD,HAT,0.3,20/200,No,1/2,0.1310289904470423,13,0.010079153111310947
JPYUSD,HAT,0.35,20/200,No,1/2,0.1310289904470423,13,0.010079153111310947
JPYUSD,HAT,0.4,20/200,No,1/2,0.1310289904470423,13,0.010079153111310947
JPYUSD,HAT,0.45,20/200,No,1/2,0.1310289904470423,13,0.010079153111310947
JPYUSD,HAT,0.5,20/200,No,1/2,0.1310289904470423,13,0.010079153111310947
JPYUSD,HAT,0.55,20/200,No,1/2,-0.1599504431668386,8,-0.019993805395854825
JPYUSD,HAT,0.6,20/200,No,1/2,-0.0267573059695545,2,-0.01337865298477725
JPYUSD,HAT,0.65,20/200,No,1/2,-0.02001133444067804,2,-0.01000566722033902
JPYUSD,HAT,0.7,20/200,No,1/2,-0.10803014180388537,2,-0.054015070901942686
JPYUSD,HAT,0.75,20/200,No,1/2,-0.10502262073992963,2,-0.052511310369964814
JPYUSD,HAT,0.8,20/200,No,1/2,-0.10464731580026498,2,-0.05232365790013249
JPYUSD,HAT,0.85,20/200,No,1/2,-0.09796239269838036,2,-0.04898119634919018
JPYUSD,HAT,0.9,20/200,No,1/2,-0.12043736636218938,2,-0.06021868318109469
JPYUSD,HAT,0.95,20/200,No,1/2,-0.12043736636218938,2,-0.06021868318109469
JPYUSD,SCD,0.0,20/200,No,1/2,0.13893517009420897,11,0.012630470008564453
JPYUSD,SCD,0.05,20/200,No,1/2,0.13893517009420897,11,0.012630470008564453
JPYUSD,SCD,0.1,20/200,No,1/2,0.13893517009420897,11,0.012630470008564453
JPYUSD,SCD,0.15,20/200,No,1/2,0.13893517009420897,11,0.012630470008564453
JPYUSD,SCD,0.2,20/200,No,1/2,0.13893517009420897,11,0.012630470008564453
JPYUSD,SCD,0.25,20/200,No,1/2,0.13893517009420897,11,0.012630470008564453
JPYUSD,SCD,0.3,20/200,No,1/2,0.13893517009420897,11,0.012630470008564453
JPYUSD,SCD,0.35,20/200,No,1/2,0.13893517009420897,11,0.012630470008564453
JPYUSD,SCD,0.4,20/200,No,1/2,0.13893517009420897,11,0.012630470008564453
JPYUSD,SCD,0.45,20/200,No,1/2,0.13893517009420897,11,0.012630470008564453
JPYUSD,SCD,0.5,20/200,No,1/2,0.13893517009420897,11,0.012630470008564453
JPYUSD,SCD,0.55,20/200,No,1/2,0.2591510118329037,7,0.03702157311898624
JPYUSD,SCD,0.6,20/200,No,1/2,0.07925122142145291,5,0.015850244284290584
JPYUSD,SCD,0.65,20/200,No,1/2,0.09974238250261624,3,0.03324746083420541
JPYUSD,SCD,0.7,20/200,No,1/2,-0.043074021502501836,2,-0.021537010751250918
JPYUSD,SCD,0.75,20/200,No,1/2,-0.043074021502501836,2,-0.021537010751250918
JPYUSD,SCD,0.8,20/200,No,1/2,-0.043074021502501836,2,-0.021537010751250918
JPYUSD,SCD,0.85,20/200,No,1/2,-0.006101713846214274,2,-0.003050856923107137
JPYUSD,SCD,0.9,20/200,No,1/2,-0.006101713846214274,2,-0.003050856923107137
JPYUSD,SCD,0.95,20/200,No,1/2,-0.15293338565821823,2,-0.07646669282910912
JPYUSD,SCD,0.0,20/50,No,1/2,-0.07711669162033097,30,-0.0025705563873443657
JPYUSD,SCD,0.05,20/50,No,1/2,-0.07711669162033097,30,-0.0025705563873443657
JPYUSD,SCD,0.1,20/50,No,1/2,-0.07711669162033097,30,-0.0025705563873443657
JPYUSD,SCD,0.15,20/50,No,1/2,-0.07711669162033097,30,-0.0025705563873443657
JPYUSD,SCD,0.2,20/50,No,1/2,-0.07711669162033097,30,-0.0025705563873443657
JPYUSD,SCD,0.25,20/50,No,1/2,-0.07711669162033097,30,-0.0025705563873443657
JPYUSD,SCD,0.3,20/50,No,1/2,-0.07711669162033097,30,-0.0025705563873443657
JPYUSD,SCD,0.35,20/50,No,1/2,-0.07711669162033097,30,-0.0025705563873443657
JPYUSD,SCD,0.4,20/50,No,1/2,-0.07711669162033097,30,-0.0025705563873443657
JPYUSD,SCD,0.45,20/50,No,1/2,-0.07711669162033097,30,-0.0025705563873443657
JPYUSD,SCD,0.5,20/50,No,1/2,-0.07711669162033097,30,-0.0025705563873443657
JPYUSD,SCD,0.55,20/50,No,1/2,0.29430590888933583,16,0.01839411930558349
JPYUSD,SCD,0.6,20/50,No,1/2,0.2530193810047079,10,0.025301938100470787
JPYUSD,SCD,0.65,20/50,No,1/2,0.14474062286401068,6,0.02412343714400178
JPYUSD,SCD,0.7,20/50,No,1/2,0.15454878731928545,4,0.03863719682982136
JPYUSD,SCD,0.75,20/50,No,1/2,0.15454878731928545,4,0.03863719682982136
JPYUSD,SCD,0.8,20/50,No,1/2,0.15454878731928545,4,0.03863719682982136
JPYUSD,SCD,0.85,20/50,No,1/2,-0.030408947903632466,3,-0.010136315967877488
JPYUSD,SCD,0.9,20/50,No,1/2,-0.043007181612463974,3,-0.014335727204154658
JPYUSD,SCD,0.95,20/50,No,1/2,-0.11580280607666182,3,-0.03860093535888728
JPYUSD,LB,0.0,20/50,No,1/2,-0.006342436305946997,43,-1.474985187429534E-4
JPYUSD,LB,0.05,20/50,No,1/2,-0.006342436305946997,43,-1.474985187429534E-4
JPYUSD,LB,0.1,20/50,No,1/2,-0.006342436305946997,43,-1.474985187429534E-4
JPYUSD,LB,0.15,20/50,No,1/2,-0.006342436305946997,43,-1.474985187429534E-4
JPYUSD,LB,0.2,20/50,No,1/2,-0.006342436305946997,43,-1.474985187429534E-4
JPYUSD,LB,0.25,20/50,No,1/2,-0.006342436305946997,43,-1.474985187429534E-4
JPYUSD,LB,0.3,20/50,No,1/2,-0.006342436305946997,43,-1.474985187429534E-4
JPYUSD,LB,0.35,20/50,No,1/2,-0.006342436305946997,43,-1.474985187429534E-4
JPYUSD,LB,0.4,20/50,No,1/2,-0.006342436305946997,43,-1.474985187429534E-4
JPYUSD,LB,0.45,20/50,No,1/2,-0.006342436305946997,43,-1.474985187429534E-4
JPYUSD,LB,0.5,20/50,No,1/2,-0.006342436305946997,43,-1.474985187429534E-4
JPYUSD,LB,0.55,20/50,No,1/2,0.06072302731409618,43,0.0014121634259092134
JPYUSD,LB,0.6,20/50,No,1/2,-0.0352323070734224,43,-8.193559784516836E-4
JPYUSD,LB,0.65,20/50,No,1/2,-0.1261635608831675,39,-0.0032349630995683974
JPYUSD,LB,0.7,20/50,No,1/2,0.1755039930488964,26,0.006750153578803708
JPYUSD,LB,0.75,20/50,No,1/2,0.22804588621216215,14,0.016288991872297296
JPYUSD,LB,0.8,20/50,No,1/2,0.33688761968892766,10,0.03368876196889277
JPYUSD,LB,0.85,20/50,No,1/2,0.295408848461423,5,0.059081769692284604
JPYUSD,LB,0.9,20/50,No,1/2,0.014313952090344806,3,0.004771317363448269
JPYUSD,LB,0.95,20/50,No,1/2,-0.015159280296974664,2,-0.007579640148487332
JPYUSD,LB,0.0,20/200,No,1/2,0.0262032870541411,18,0.0014557381696745056
JPYUSD,LB,0.05,20/200,No,1/2,0.0262032870541411,18,0.0014557381696745056
JPYUSD,LB,0.1,20/200,No,1/2,0.0262032870541411,18,0.0014557381696745056
JPYUSD,LB,0.15,20/200,No,1/2,0.0262032870541411,18,0.0014557381696745056
JPYUSD,LB,0.2,20/200,No,1/2,0.0262032870541411,18,0.0014557381696745056
JPYUSD,LB,0.25,20/200,No,1/2,0.0262032870541411,18,0.0014557381696745056
JPYUSD,LB,0.3,20/200,No,1/2,0.0262032870541411,18,0.0014557381696745056
JPYUSD,LB,0.35,20/200,No,1/2,0.0262032870541411,18,0.0014557381696745056
JPYUSD,LB,0.4,20/200,No,1/2,0.0262032870541411,18,0.0014557381696745056
JPYUSD,LB,0.45,20/200,No,1/2,0.0262032870541411,18,0.0014557381696745056
JPYUSD,LB,0.5,20/200,No,1/2,0.0262032870541411,18,0.0014557381696745056
JPYUSD,LB,0.55,20/200,No,1/2,0.057950276230601006,18,0.0032194597905889446
JPYUSD,LB,0.6,20/200,No,1/2,0.15137998952393517,16,0.009461249345245948
JPYUSD,LB,0.65,20/200,No,1/2,0.21415955831301936,12,0.01784662985941828
JPYUSD,LB,0.7,20/200,No,1/2,0.1740648953571311,9,0.019340543928570122
JPYUSD,LB,0.75,20/200,No,1/2,0.23501805691558264,7,0.03357400813079752
JPYUSD,LB,0.8,20/200,No,1/2,0.12475463567750289,4,0.031188658919375722
JPYUSD,LB,0.85,20/200,No,1/2,-0.022816627491211605,2,-0.011408313745605803
JPYUSD,LB,0.9,20/200,No,1/2,-0.022816627491211605,2,-0.011408313745605803
JPYUSD,LB,0.95,20/200,No,1/2,0.0,1,0.0
JPYUSD,NB,0.0,20/200,No,1/2,0.13893517009420897,11,0.012630470008564453
JPYUSD,NB,0.05,20/200,No,1/2,0.13893517009420897,11,0.012630470008564453
JPYUSD,NB,0.1,20/200,No,1/2,0.13893517009420897,11,0.012630470008564453
JPYUSD,NB,0.15,20/200,No,1/2,0.13893517009420897,11,0.012630470008564453
JPYUSD,NB,0.2,20/200,No,1/2,0.13893517009420897,11,0.012630470008564453
JPYUSD,NB,0.25,20/200,No,1/2,0.13893517009420897,11,0.012630470008564453
JPYUSD,NB,0.3,20/200,No,1/2,0.13893517009420897,11,0.012630470008564453
JPYUSD,NB,0.35,20/200,No,1/2,0.13893517009420897,11,0.012630470008564453
JPYUSD,NB,0.4,20/200,No,1/2,0.13893517009420897,11,0.012630470008564453
JPYUSD,NB,0.45,20/200,No,1/2,0.13893517009420897,11,0.012630470008564453
JPYUSD,NB,0.5,20/200,No,1/2,0.13893517009420897,11,0.012630470008564453
JPYUSD,NB,0.55,20/200,No,1/2,0.2591510118329037,7,0.03702157311898624
JPYUSD,NB,0.6,20/200,No,1/2,0.07925122142145291,5,0.015850244284290584
JPYUSD,NB,0.65,20/200,No,1/2,0.09974238250261624,3,0.03324746083420541
JPYUSD,NB,0.7,20/200,No,1/2,-0.043074021502501836,2,-0.021537010751250918
JPYUSD,NB,0.75,20/200,No,1/2,-0.043074021502501836,2,-0.021537010751250918
JPYUSD,NB,0.8,20/200,No,1/2,-0.043074021502501836,2,-0.021537010751250918
JPYUSD,NB,0.85,20/200,No,1/2,-0.006101713846214274,2,-0.003050856923107137
JPYUSD,NB,0.9,20/200,No,1/2,-0.006101713846214274,2,-0.003050856923107137
JPYUSD,NB,0.95,20/200,No,1/2,-0.15293338565821823,2,-0.07646669282910912
JPYUSD,NB,0.0,20/50,No,1/2,-0.07711669162033097,30,-0.0025705563873443657
JPYUSD,NB,0.05,20/50,No,1/2,-0.07711669162033097,30,-0.0025705563873443657
JPYUSD,NB,0.1,20/50,No,1/2,-0.07711669162033097,30,-0.0025705563873443657
JPYUSD,NB,0.15,20/50,No,1/2,-0.07711669162033097,30,-0.0025705563873443657
JPYUSD,NB,0.2,20/50,No,1/2,-0.07711669162033097,30,-0.0025705563873443657
JPYUSD,NB,0.25,20/50,No,1/2,-0.07711669162033097,30,-0.0025705563873443657
JPYUSD,NB,0.3,20/50,No,1/2,-0.07711669162033097,30,-0.0025705563873443657
JPYUSD,NB,0.35,20/50,No,1/2,-0.07711669162033097,30,-0.0025705563873443657
JPYUSD,NB,0.4,20/50,No,1/2,-0.07711669162033097,30,-0.0025705563873443657
JPYUSD,NB,0.45,20/50,No,1/2,-0.07711669162033097,30,-0.0025705563873443657
JPYUSD,NB,0.5,20/50,No,1/2,-0.07711669162033097,30,-0.0025705563873443657
JPYUSD,NB,0.55,20/50,No,1/2,0.29430590888933583,16,0.01839411930558349
JPYUSD,NB,0.6,20/50,No,1/2,0.2530193810047079,10,0.025301938100470787
JPYUSD,NB,0.65,20/50,No,1/2,0.14474062286401068,6,0.02412343714400178
JPYUSD,NB,0.7,20/50,No,1/2,0.15454878731928545,4,0.03863719682982136
JPYUSD,NB,0.75,20/50,No,1/2,0.15454878731928545,4,0.03863719682982136
JPYUSD,NB,0.8,20/50,No,1/2,0.15454878731928545,4,0.03863719682982136
JPYUSD,NB,0.85,20/50,No,1/2,-0.030408947903632466,3,-0.010136315967877488
JPYUSD,NB,0.9,20/50,No,1/2,-0.043007181612463974,3,-0.014335727204154658
JPYUSD,NB,0.95,20/50,No,1/2,-0.11580280607666182,3,-0.03860093535888728
JPYUSD,NB,0.0,10/20,Yes,1/2,0.2837815450097123,38,0.00746793539499243
JPYUSD,NB,0.05,10/20,Yes,1/2,0.2837815450097123,38,0.00746793539499243
JPYUSD,NB,0.1,10/20,Yes,1/2,0.2837815450097123,38,0.00746793539499243
JPYUSD,NB,0.15,10/20,Yes,1/2,0.2837815450097123,38,0.00746793539499243
JPYUSD,NB,0.2,10/20,Yes,1/2,0.2837815450097123,38,0.00746793539499243
JPYUSD,NB,0.25,10/20,Yes,1/2,0.2837815450097123,38,0.00746793539499243
JPYUSD,NB,0.3,10/20,Yes,1/2,0.2837815450097123,38,0.00746793539499243
JPYUSD,NB,0.35,10/20,Yes,1/2,0.2837815450097123,38,0.00746793539499243
JPYUSD,NB,0.4,10/20,Yes,1/2,0.2837815450097123,38,0.00746793539499243
JPYUSD,NB,0.45,10/20,Yes,1/2,0.2837815450097123,38,0.00746793539499243
JPYUSD,NB,0.5,10/20,Yes,1/2,0.2837815450097123,38,0.00746793539499243
JPYUSD,NB,0.55,10/20,Yes,1/2,0.2589258280964639,54,0.004794922742527109
JPYUSD,NB,0.6,10/20,Yes,1/2,0.11164359508202892,78,0.0014313281420772939
JPYUSD,NB,0.65,10/20,Yes,1/2,0.15322668824307684,86,0.0017817056772450794
JPYUSD,NB,0.7,10/20,Yes,1/2,0.10160125914376827,90,0.001128902879375203
JPYUSD,NB,0.75,10/20,Yes,1/2,0.05801903307805034,92,6.306416638918516E-4
JPYUSD,NB,0.8,10/20,Yes,1/2,0.07333885871200074,92,7.971615077391385E-4
JPYUSD,NB,0.85,10/20,Yes,1/2,0.07995379922896717,92,8.690630350974692E-4
JPYUSD,NB,0.9,10/20,Yes,1/2,0.07995379922896717,92,8.690630350974692E-4
JPYUSD,NB,0.95,10/20,Yes,1/2,0.09050750659371865,92,9.837772455838984E-4
JPYUSD,NB,0.0,20/50,Yes,1/2,-0.07711669162033097,30,-0.0025705563873443657
JPYUSD,NB,0.05,20/50,Yes,1/2,-0.07711669162033097,30,-0.0025705563873443657
JPYUSD,NB,0.1,20/50,Yes,1/2,-0.07711669162033097,30,-0.0025705563873443657
JPYUSD,NB,0.15,20/50,Yes,1/2,-0.07711669162033097,30,-0.0025705563873443657
JPYUSD,NB,0.2,20/50,Yes,1/2,-0.07711669162033097,30,-0.0025705563873443657
JPYUSD,NB,0.25,20/50,Yes,1/2,-0.07711669162033097,30,-0.0025705563873443657
JPYUSD,NB,0.3,20/50,Yes,1/2,-0.07711669162033097,30,-0.0025705563873443657
JPYUSD,NB,0.35,20/50,Yes,1/2,-0.07711669162033097,30,-0.0025705563873443657
JPYUSD,NB,0.4,20/50,Yes,1/2,-0.07711669162033097,30,-0.0025705563873443657
JPYUSD,NB,0.45,20/50,Yes,1/2,-0.07711669162033097,30,-0.0025705563873443657
JPYUSD,NB,0.5,20/50,Yes,1/2,-0.07711669162033097,30,-0.0025705563873443657
JPYUSD,NB,0.55,20/50,Yes,1/2,-0.06915949645408137,36,-0.0019210971237244826
JPYUSD,NB,0.6,20/50,Yes,1/2,-0.1339600617020258,43,-0.0031153502721401344
JPYUSD,NB,0.65,20/50,Yes,1/2,-0.09490345410052026,45,-0.002108965646678228
JPYUSD,NB,0.7,20/50,Yes,1/2,-0.15334941245427824,47,-0.003262753456474005
JPYUSD,NB,0.75,20/50,Yes,1/2,-0.15254677189771915,47,-0.003245675997823812
JPYUSD,NB,0.8,20/50,Yes,1/2,-0.16255102794421017,47,-0.00345853250945128
JPYUSD,NB,0.85,20/50,Yes,1/2,-0.16255102794421017,47,-0.00345853250945128
JPYUSD,NB,0.9,20/50,Yes,1/2,-0.16306842543771705,47,-0.003469540966759937
JPYUSD,NB,0.95,20/50,Yes,1/2,-0.1732951393855684,47,-0.0036871306252248596
JPYUSD,NB,0.0,20/200,Yes,1/2,0.13893517009420897,11,0.012630470008564453
JPYUSD,NB,0.05,20/200,Yes,1/2,0.13893517009420897,11,0.012630470008564453
JPYUSD,NB,0.1,20/200,Yes,1/2,0.13893517009420897,11,0.012630470008564453
JPYUSD,NB,0.15,20/200,Yes,1/2,0.13893517009420897,11,0.012630470008564453
JPYUSD,NB,0.2,20/200,Yes,1/2,0.13893517009420897,11,0.012630470008564453
JPYUSD,NB,0.25,20/200,Yes,1/2,0.13893517009420897,11,0.012630470008564453
JPYUSD,NB,0.3,20/200,Yes,1/2,0.13893517009420897,11,0.012630470008564453
JPYUSD,NB,0.35,20/200,Yes,1/2,0.13893517009420897,11,0.012630470008564453
JPYUSD,NB,0.4,20/200,Yes,1/2,0.13893517009420897,11,0.012630470008564453
JPYUSD,NB,0.45,20/200,Yes,1/2,0.13893517009420897,11,0.012630470008564453
JPYUSD,NB,0.5,20/200,Yes,1/2,0.13893517009420897,11,0.012630470008564453
JPYUSD,NB,0.55,20/200,Yes,1/2,0.03592530196758226,15,0.0023950201311721503
JPYUSD,NB,0.6,20/200,Yes,1/2,0.056455985821779464,16,0.0035284991138612165
JPYUSD,NB,0.65,20/200,Yes,1/2,0.06944424929953286,16,0.0043402655812208035
JPYUSD,NB,0.7,20/200,Yes,1/2,0.014692891755627713,18,8.162717642015396E-4
JPYUSD,NB,0.75,20/200,Yes,1/2,0.014692891755627713,18,8.162717642015396E-4
JPYUSD,NB,0.8,20/200,Yes,1/2,0.014692891755627713,18,8.162717642015396E-4
JPYUSD,NB,0.85,20/200,Yes,1/2,0.014692891755627713,18,8.162717642015396E-4
JPYUSD,NB,0.9,20/200,Yes,1/2,0.014692891755627713,18,8.162717642015396E-4
JPYUSD,NB,0.95,20/200,Yes,1/2,0.014692891755627713,18,8.162717642015396E-4
JPYUSD,LB,0.0,10/20,Yes,1/2,0.1165738545388404,85,0.0013714571122216516
JPYUSD,LB,0.05,10/20,Yes,1/2,0.1165738545388404,85,0.0013714571122216516
JPYUSD,LB,0.1,10/20,Yes,1/2,0.1165738545388404,85,0.0013714571122216516
JPYUSD,LB,0.15,10/20,Yes,1/2,0.1165738545388404,85,0.0013714571122216516
JPYUSD,LB,0.2,10/20,Yes,1/2,0.1165738545388404,85,0.0013714571122216516
JPYUSD,LB,0.25,10/20,Yes,1/2,0.1165738545388404,85,0.0013714571122216516
JPYUSD,LB,0.3,10/20,Yes,1/2,0.1165738545388404,85,0.0013714571122216516
JPYUSD,LB,0.35,10/20,Yes,1/2,0.1165738545388404,85,0.0013714571122216516
JPYUSD,LB,0.4,10/20,Yes,1/2,0.1165738545388404,85,0.0013714571122216516
JPYUSD,LB,0.45,10/20,Yes,1/2,0.1165738545388404,85,0.0013714571122216516
JPYUSD,LB,0.5,10/20,Yes,1/2,0.1165738545388404,85,0.0013714571122216516
JPYUSD,LB,0.55,10/20,Yes,1/2,0.012796005554774226,87,1.4708052361809456E-4
JPYUSD,LB,0.6,10/20,Yes,1/2,-0.11953797633976038,89,-0.001343123329660229
JPYUSD,LB,0.65,10/20,Yes,1/2,0.00318864060746904,90,3.542934008298933E-5
JPYUSD,LB,0.7,10/20,Yes,1/2,0.021747409130441042,92,2.3638488185262003E-4
JPYUSD,LB,0.75,10/20,Yes,1/2,0.02230461294211139,92,2.424414450229499E-4
JPYUSD,LB,0.8,10/20,Yes,1/2,0.07198125181585446,92,7.824049110418963E-4
JPYUSD,LB,0.85,10/20,Yes,1/2,0.06729722154327078,92,7.314915385138128E-4
JPYUSD,LB,0.9,10/20,Yes,1/2,0.0643303021444055,92,6.992424146131032E-4
JPYUSD,LB,0.95,10/20,Yes,1/2,0.060385915276116364,92,6.563686443056126E-4
JPYUSD,LB,0.0,20/50,Yes,1/2,-0.006342436305946997,43,-1.474985187429534E-4
JPYUSD,LB,0.05,20/50,Yes,1/2,-0.006342436305946997,43,-1.474985187429534E-4
JPYUSD,LB,0.1,20/50,Yes,1/2,-0.006342436305946997,43,-1.474985187429534E-4
JPYUSD,LB,0.15,20/50,Yes,1/2,-0.006342436305946997,43,-1.474985187429534E-4
JPYUSD,LB,0.2,20/50,Yes,1/2,-0.006342436305946997,43,-1.474985187429534E-4
JPYUSD,LB,0.25,20/50,Yes,1/2,-0.006342436305946997,43,-1.474985187429534E-4
JPYUSD,LB,0.3,20/50,Yes,1/2,-0.006342436305946997,43,-1.474985187429534E-4
JPYUSD,LB,0.35,20/50,Yes,1/2,-0.006342436305946997,43,-1.474985187429534E-4
JPYUSD,LB,0.4,20/50,Yes,1/2,-0.006342436305946997,43,-1.474985187429534E-4
JPYUSD,LB,0.45,20/50,Yes,1/2,-0.006342436305946997,43,-1.474985187429534E-4
JPYUSD,LB,0.5,20/50,Yes,1/2,-0.006342436305946997,43,-1.474985187429534E-4
JPYUSD,LB,0.55,20/50,Yes,1/2,-0.022706508628284716,43,-5.280583401926679E-4
JPYUSD,LB,0.6,20/50,Yes,1/2,-0.006697322389461746,45,-1.4882938643248324E-4
JPYUSD,LB,0.65,20/50,Yes,1/2,-0.07845909707790533,47,-0.0016693424910192622
JPYUSD,LB,0.7,20/50,Yes,1/2,-0.1356413857985972,47,-0.0028859869318850467
JPYUSD,LB,0.75,20/50,Yes,1/2,-0.16627028418557277,47,-0.0035376656209696335
JPYUSD,LB,0.8,20/50,Yes,1/2,-0.16543744074810096,47,-0.003519945547831935
JPYUSD,LB,0.85,20/50,Yes,1/2,-0.1732951393855684,47,-0.0036871306252248596
JPYUSD,LB,0.9,20/50,Yes,1/2,-0.1732951393855684,47,-0.0036871306252248596
JPYUSD,LB,0.95,20/50,Yes,1/2,-0.1732951393855684,47,-0.0036871306252248596
JPYUSD,LB,0.0,20/200,Yes,1/2,0.0262032870541411,18,0.0014557381696745056
JPYUSD,LB,0.05,20/200,Yes,1/2,0.0262032870541411,18,0.0014557381696745056
JPYUSD,LB,0.1,20/200,Yes,1/2,0.0262032870541411,18,0.0014557381696745056
JPYUSD,LB,0.15,20/200,Yes,1/2,0.0262032870541411,18,0.0014557381696745056
JPYUSD,LB,0.2,20/200,Yes,1/2,0.0262032870541411,18,0.0014557381696745056
JPYUSD,LB,0.25,20/200,Yes,1/2,0.0262032870541411,18,0.0014557381696745056
JPYUSD,LB,0.3,20/200,Yes,1/2,0.0262032870541411,18,0.0014557381696745056
JPYUSD,LB,0.35,20/200,Yes,1/2,0.0262032870541411,18,0.0014557381696745056
JPYUSD,LB,0.4,20/200,Yes,1/2,0.0262032870541411,18,0.0014557381696745056
JPYUSD,LB,0.45,20/200,Yes,1/2,0.0262032870541411,18,0.0014557381696745056
JPYUSD,LB,0.5,20/200,Yes,1/2,0.0262032870541411,18,0.0014557381696745056
JPYUSD,LB,0.55,20/200,Yes,1/2,-0.04221177971029988,18,-0.0023450988727944377
JPYUSD,LB,0.6,20/200,Yes,1/2,0.018973304253137258,18,0.0010540724585076254
JPYUSD,LB,0.65,20/200,Yes,1/2,-0.01262151175012427,18,-7.011950972291262E-4
JPYUSD,LB,0.7,20/200,Yes,1/2,0.005337200897560734,18,2.9651116097559636E-4
JPYUSD,LB,0.75,20/200,Yes,1/2,-0.008271426032409934,18,-4.595236684672186E-4
JPYUSD,LB,0.8,20/200,Yes,1/2,0.014692891755627713,18,8.162717642015396E-4
JPYUSD,LB,0.85,20/200,Yes,1/2,0.014692891755627713,18,8.162717642015396E-4
JPYUSD,LB,0.9,20/200,Yes,1/2,0.014692891755627713,18,8.162717642015396E-4
JPYUSD,LB,0.95,20/200,Yes,1/2,0.014692891755627713,18,8.162717642015396E-4
JPYUSD,SCD,0.0,10/20,Yes,1/2,0.2837815450097123,38,0.00746793539499243
JPYUSD,SCD,0.05,10/20,Yes,1/2,0.2837815450097123,38,0.00746793539499243
JPYUSD,SCD,0.1,10/20,Yes,1/2,0.2837815450097123,38,0.00746793539499243
JPYUSD,SCD,0.15,10/20,Yes,1/2,0.2837815450097123,38,0.00746793539499243
JPYUSD,SCD,0.2,10/20,Yes,1/2,0.2837815450097123,38,0.00746793539499243
JPYUSD,SCD,0.25,10/20,Yes,1/2,0.2837815450097123,38,0.00746793539499243
JPYUSD,SCD,0.3,10/20,Yes,1/2,0.2837815450097123,38,0.00746793539499243
JPYUSD,SCD,0.35,10/20,Yes,1/2,0.2837815450097123,38,0.00746793539499243
JPYUSD,SCD,0.4,10/20,Yes,1/2,0.2837815450097123,38,0.00746793539499243
JPYUSD,SCD,0.45,10/20,Yes,1/2,0.2837815450097123,38,0.00746793539499243
JPYUSD,SCD,0.5,10/20,Yes,1/2,0.2837815450097123,38,0.00746793539499243
JPYUSD,SCD,0.55,10/20,Yes,1/2,0.2589258280964639,54,0.004794922742527109
JPYUSD,SCD,0.6,10/20,Yes,1/2,0.11164359508202892,78,0.0014313281420772939
JPYUSD,SCD,0.65,10/20,Yes,1/2,0.15322668824307684,86,0.0017817056772450794
JPYUSD,SCD,0.7,10/20,Yes,1/2,0.10160125914376827,90,0.001128902879375203
JPYUSD,SCD,0.75,10/20,Yes,1/2,0.05801903307805034,92,6.306416638918516E-4
JPYUSD,SCD,0.8,10/20,Yes,1/2,0.07333885871200074,92,7.971615077391385E-4
JPYUSD,SCD,0.85,10/20,Yes,1/2,0.07995379922896717,92,8.690630350974692E-4
JPYUSD,SCD,0.9,10/20,Yes,1/2,0.07995379922896717,92,8.690630350974692E-4
JPYUSD,SCD,0.95,10/20,Yes,1/2,0.09050750659371865,92,9.837772455838984E-4
JPYUSD,SCD,0.0,20/50,Yes,1/2,-0.07711669162033097,30,-0.0025705563873443657
JPYUSD,SCD,0.05,20/50,Yes,1/2,-0.07711669162033097,30,-0.0025705563873443657
JPYUSD,SCD,0.1,20/50,Yes,1/2,-0.07711669162033097,30,-0.0025705563873443657
JPYUSD,SCD,0.15,20/50,Yes,1/2,-0.07711669162033097,30,-0.0025705563873443657
JPYUSD,SCD,0.2,20/50,Yes,1/2,-0.07711669162033097,30,-0.0025705563873443657
JPYUSD,SCD,0.25,20/50,Yes,1/2,-0.07711669162033097,30,-0.0025705563873443657
JPYUSD,SCD,0.3,20/50,Yes,1/2,-0.07711669162033097,30,-0.0025705563873443657
JPYUSD,SCD,0.35,20/50,Yes,1/2,-0.07711669162033097,30,-0.0025705563873443657
JPYUSD,SCD,0.4,20/50,Yes,1/2,-0.07711669162033097,30,-0.0025705563873443657
JPYUSD,SCD,0.45,20/50,Yes,1/2,-0.07711669162033097,30,-0.0025705563873443657
JPYUSD,SCD,0.5,20/50,Yes,1/2,-0.07711669162033097,30,-0.0025705563873443657
JPYUSD,SCD,0.55,20/50,Yes,1/2,-0.06915949645408137,36,-0.0019210971237244826
JPYUSD,SCD,0.6,20/50,Yes,1/2,-0.1339600617020258,43,-0.0031153502721401344
JPYUSD,SCD,0.65,20/50,Yes,1/2,-0.09490345410052026,45,-0.002108965646678228
JPYUSD,SCD,0.7,20/50,Yes,1/2,-0.15334941245427824,47,-0.003262753456474005
JPYUSD,SCD,0.75,20/50,Yes,1/2,-0.15254677189771915,47,-0.003245675997823812
JPYUSD,SCD,0.8,20/50,Yes,1/2,-0.16255102794421017,47,-0.00345853250945128
JPYUSD,SCD,0.85,20/50,Yes,1/2,-0.16255102794421017,47,-0.00345853250945128
JPYUSD,SCD,0.9,20/50,Yes,1/2,-0.16306842543771705,47,-0.003469540966759937
JPYUSD,SCD,0.95,20/50,Yes,1/2,-0.1732951393855684,47,-0.0036871306252248596
JPYUSD,SCD,0.0,20/200,Yes,1/2,0.13893517009420897,11,0.012630470008564453
JPYUSD,SCD,0.05,20/200,Yes,1/2,0.13893517009420897,11,0.012630470008564453
JPYUSD,SCD,0.1,20/200,Yes,1/2,0.13893517009420897,11,0.012630470008564453
JPYUSD,SCD,0.15,20/200,Yes,1/2,0.13893517009420897,11,0.012630470008564453
JPYUSD,SCD,0.2,20/200,Yes,1/2,0.13893517009420897,11,0.012630470008564453
JPYUSD,SCD,0.25,20/200,Yes,1/2,0.13893517009420897,11,0.012630470008564453
JPYUSD,SCD,0.3,20/200,Yes,1/2,0.13893517009420897,11,0.012630470008564453
JPYUSD,SCD,0.35,20/200,Yes,1/2,0.13893517009420897,11,0.012630470008564453
JPYUSD,SCD,0.4,20/200,Yes,1/2,0.13893517009420897,11,0.012630470008564453
JPYUSD,SCD,0.45,20/200,Yes,1/2,0.13893517009420897,11,0.012630470008564453
JPYUSD,SCD,0.5,20/200,Yes,1/2,0.13893517009420897,11,0.012630470008564453
JPYUSD,SCD,0.55,20/200,Yes,1/2,0.03592530196758226,15,0.0023950201311721503
JPYUSD,SCD,0.6,20/200,Yes,1/2,0.056455985821779464,16,0.0035284991138612165
JPYUSD,SCD,0.65,20/200,Yes,1/2,0.06944424929953286,16,0.0043402655812208035
JPYUSD,SCD,0.7,20/200,Yes,1/2,0.014692891755627713,18,8.162717642015396E-4
JPYUSD,SCD,0.75,20/200,Yes,1/2,0.014692891755627713,18,8.162717642015396E-4
JPYUSD,SCD,0.8,20/200,Yes,1/2,0.014692891755627713,18,8.162717642015396E-4
JPYUSD,SCD,0.85,20/200,Yes,1/2,0.014692891755627713,18,8.162717642015396E-4
JPYUSD,SCD,0.9,20/200,Yes,1/2,0.014692891755627713,18,8.162717642015396E-4
JPYUSD,SCD,0.95,20/200,Yes,1/2,0.014692891755627713,18,8.162717642015396E-4
JPYUSD,HAT,0.0,10/20,Yes,1/2,0.3733457514323648,24,0.015556072976348534
JPYUSD,HAT,0.05,10/20,Yes,1/2,0.3733457514323648,24,0.015556072976348534
JPYUSD,HAT,0.1,10/20,Yes,1/2,0.3733457514323648,24,0.015556072976348534
JPYUSD,HAT,0.15,10/20,Yes,1/2,0.3733457514323648,24,0.015556072976348534
JPYUSD,HAT,0.2,10/20,Yes,1/2,0.3733457514323648,24,0.015556072976348534
JPYUSD,HAT,0.25,10/20,Yes,1/2,0.3733457514323648,24,0.015556072976348534
JPYUSD,HAT,0.3,10/20,Yes,1/2,0.3733457514323648,24,0.015556072976348534
JPYUSD,HAT,0.35,10/20,Yes,1/2,0.3733457514323648,24,0.015556072976348534
JPYUSD,HAT,0.4,10/20,Yes,1/2,0.3733457514323648,24,0.015556072976348534
JPYUSD,HAT,0.45,10/20,Yes,1/2,0.3733457514323648,24,0.015556072976348534
JPYUSD,HAT,0.5,10/20,Yes,1/2,0.3733457514323648,24,0.015556072976348534
JPYUSD,HAT,0.55,10/20,Yes,1/2,0.2385050015478587,64,0.003726640649185292
JPYUSD,HAT,0.6,10/20,Yes,1/2,0.21262805383303096,68,0.0031268831446033965
JPYUSD,HAT,0.65,10/20,Yes,1/2,0.050152656823083674,78,6.42982779783124E-4
JPYUSD,HAT,0.7,10/20,Yes,1/2,0.09834372562502836,84,0.0011707586383931947
JPYUSD,HAT,0.75,10/20,Yes,1/2,0.04594019566627949,90,5.104466185142166E-4
JPYUSD,HAT,0.8,10/20,Yes,1/2,0.05368210238691162,92,5.835011129012133E-4
JPYUSD,HAT,0.85,10/20,Yes,1/2,0.09443791467073304,92,0.0010264990725079679
JPYUSD,HAT,0.9,10/20,Yes,1/2,0.09050750659371865,92,9.837772455838984E-4
JPYUSD,HAT,0.95,10/20,Yes,1/2,0.09050750659371865,92,9.837772455838984E-4
JPYUSD,HAT,0.0,20/50,Yes,1/2,0.15538065899863351,18,0.008632258833257418
JPYUSD,HAT,0.05,20/50,Yes,1/2,0.15538065899863351,18,0.008632258833257418
JPYUSD,HAT,0.1,20/50,Yes,1/2,0.15538065899863351,18,0.008632258833257418
JPYUSD,HAT,0.15,20/50,Yes,1/2,0.15538065899863351,18,0.008632258833257418
JPYUSD,HAT,0.2,20/50,Yes,1/2,0.15538065899863351,18,0.008632258833257418
JPYUSD,HAT,0.25,20/50,Yes,1/2,0.15538065899863351,18,0.008632258833257418
JPYUSD,HAT,0.3,20/50,Yes,1/2,0.15538065899863351,18,0.008632258833257418
JPYUSD,HAT,0.35,20/50,Yes,1/2,0.15538065899863351,18,0.008632258833257418
JPYUSD,HAT,0.4,20/50,Yes,1/2,0.15538065899863351,18,0.008632258833257418
JPYUSD,HAT,0.45,20/50,Yes,1/2,0.15538065899863351,18,0.008632258833257418
JPYUSD,HAT,0.5,20/50,Yes,1/2,0.19893248289498988,16,0.012433280180936868
JPYUSD,HAT,0.55,20/50,Yes,1/2,0.04458070851180285,31,0.0014380873713484789
JPYUSD,HAT,0.6,20/50,Yes,1/2,0.06133154172969224,31,0.0019784368299900724
JPYUSD,HAT,0.65,20/50,Yes,1/2,-0.12756630917566714,39,-0.0032709310045042858
JPYUSD,HAT,0.7,20/50,Yes,1/2,-0.14635986590935435,43,-0.00340371781184545
JPYUSD,HAT,0.75,20/50,Yes,1/2,-0.12135930905045011,47,-0.002582112958520215
JPYUSD,HAT,0.8,20/50,Yes,1/2,-0.15631084489399516,47,-0.003325762657319046
JPYUSD,HAT,0.85,20/50,Yes,1/2,-0.1503210319384598,47,-0.003198319828477868
JPYUSD,HAT,0.9,20/50,Yes,1/2,-0.17115264275539577,47,-0.0036415455905403353
JPYUSD,HAT,0.95,20/50,Yes,1/2,-0.1732951393855684,47,-0.0036871306252248596
JPYUSD,HAT,0.0,20/200,Yes,1/2,0.1310289904470423,13,0.010079153111310947
JPYUSD,HAT,0.05,20/200,Yes,1/2,0.1310289904470423,13,0.010079153111310947
JPYUSD,HAT,0.1,20/200,Yes,1/2,0.1310289904470423,13,0.010079153111310947
JPYUSD,HAT,0.15,20/200,Yes,1/2,0.1310289904470423,13,0.010079153111310947
JPYUSD,HAT,0.2,20/200,Yes,1/2,0.1310289904470423,13,0.010079153111310947
JPYUSD,HAT,0.25,20/200,Yes,1/2,0.1310289904470423,13,0.010079153111310947
JPYUSD,HAT,0.3,20/200,Yes,1/2,0.1310289904470423,13,0.010079153111310947
JPYUSD,HAT,0.35,20/200,Yes,1/2,0.1310289904470423,13,0.010079153111310947
JPYUSD,HAT,0.4,20/200,Yes,1/2,0.1310289904470423,13,0.010079153111310947
JPYUSD,HAT,0.45,20/200,Yes,1/2,0.1310289904470423,13,0.010079153111310947
JPYUSD,HAT,0.5,20/200,Yes,1/2,0.1310289904470423,13,0.010079153111310947
JPYUSD,HAT,0.55,20/200,Yes,1/2,0.14300199918607248,14,0.010214428513290892
JPYUSD,HAT,0.6,20/200,Yes,1/2,0.02281306749522294,16,0.0014258167184514337
JPYUSD,HAT,0.65,20/200,Yes,1/2,-0.006790962791331623,18,-3.772757106295346E-4
JPYUSD,HAT,0.7,20/200,Yes,1/2,0.014692891755627713,18,8.162717642015396E-4
JPYUSD,HAT,0.75,20/200,Yes,1/2,0.014692891755627713,18,8.162717642015396E-4
JPYUSD,HAT,0.8,20/200,Yes,1/2,0.014692891755627713,18,8.162717642015396E-4
JPYUSD,HAT,0.85,20/200,Yes,1/2,0.014692891755627713,18,8.162717642015396E-4
JPYUSD,HAT,0.9,20/200,Yes,1/2,0.014692891755627713,18,8.162717642015396E-4
JPYUSD,HAT,0.95,20/200,Yes,1/2,0.014692891755627713,18,8.162717642015396E-4
